<?xml version="1.0" encoding="ISO-8859-1"?>
<!DOCTYPE konfigurationsBereich PUBLIC "-//K2S//DTD Dokument//DE" "K2S.dtd">
<konfigurationsBereich pid="kb.default.bitctrl.thierfelder" name="Default-Bereich BitCtrl Systems (Thierfelder)" verantwortlich="kv.bitctrl.thierfelder">
	<info>
		<kurzinfo>Defaultbereich mit dem Konfigurationsverantwortlichen f�r BitCtrl Systems (Thierfelder)</kurzinfo>
	</info>
	<konfigurationsAenderung 
		stand="29.03.2007" 
		version="1" 
		autor="BitCtrl, Thomas Thierfelder" 
		grund="Test">
	</konfigurationsAenderung>

	<modell>
	</modell>
	<objekte>
	</objekte>
</konfigurationsBereich>
