<?xml version="1.0" encoding="ISO-8859-1" standalone="no"?>
<!DOCTYPE verwaltungsdaten PUBLIC "-//K2S//DTD Verwaltung//DE" "verwaltungsdaten.dtd">
<verwaltungsdaten>
<konfigurationsverantwortlicher pid="kv.bitctrl.thierfelder"/>
<konfigurationsbereich pid="kb.systemModellGlobal" verzeichnis="">
<version nr="1" zeitpunkt="02.03.2007 00:31:20,617"/>
<version nr="2" zeitpunkt="08.03.2007 16:24:58,749"/>
<version nr="3" zeitpunkt="13.03.2007 11:12:36,532"/>
<version nr="4" zeitpunkt="21.03.2007 03:47:28,010"/>
</konfigurationsbereich>
<konfigurationsbereich pid="kb.kv.bea" verzeichnis="">
<version nr="1" zeitpunkt="02.03.2007 00:31:20,617"/>
</konfigurationsbereich>
<konfigurationsbereich pid="kb.kv.dambach" verzeichnis="">
<version nr="1" zeitpunkt="02.03.2007 00:31:20,618"/>
</konfigurationsbereich>
<konfigurationsbereich pid="kb.tmVewBetriebGlobal" verzeichnis="">
<version nr="1" zeitpunkt="02.03.2007 00:31:20,618"/>
<version nr="2" zeitpunkt="21.03.2007 03:47:28,011"/>
</konfigurationsbereich>
<konfigurationsbereich pid="kb.kv.testKonfiguration" verzeichnis="">
<version nr="1" zeitpunkt="02.03.2007 00:31:20,618"/>
</konfigurationsbereich>
<konfigurationsbereich pid="kb.kv.inovat" verzeichnis="">
<version nr="1" zeitpunkt="02.03.2007 00:31:20,619"/>
</konfigurationsbereich>
<konfigurationsbereich pid="kb.tmKExTlsGlobal" verzeichnis="">
<version nr="1" zeitpunkt="02.03.2007 00:31:20,619"/>
<version nr="3" zeitpunkt="21.03.2007 03:47:28,011"/>
</konfigurationsbereich>
<konfigurationsbereich pid="kb.objekteTestUnterzentraleK2S_100_MessQuerschnitte" verzeichnis="">
<version nr="1" zeitpunkt="02.03.2007 00:31:20,620"/>
<version nr="3" zeitpunkt="21.03.2007 03:47:28,012"/>
</konfigurationsbereich>
<konfigurationsbereich pid="kb.tmIlseTls" verzeichnis="">
<version nr="1" zeitpunkt="02.03.2007 00:31:20,620"/>
<version nr="3" zeitpunkt="21.03.2007 03:47:28,012"/>
</konfigurationsbereich>
<konfigurationsbereich pid="kb.objekteTestSystem" verzeichnis="">
<version nr="1" zeitpunkt="02.03.2007 00:31:20,620"/>
</konfigurationsbereich>
<konfigurationsbereich pid="kb.tmVewProtokolleGlobal" verzeichnis="">
<version nr="1" zeitpunkt="02.03.2007 00:31:20,621"/>
<version nr="2" zeitpunkt="21.03.2007 03:47:28,013"/>
</konfigurationsbereich>
<konfigurationsbereich pid="kb.ilse" verzeichnis="">
<version nr="1" zeitpunkt="02.03.2007 00:31:20,621"/>
<version nr="3" zeitpunkt="21.03.2007 03:47:28,013"/>
</konfigurationsbereich>
<konfigurationsbereich pid="kb.tmSystemKalenderGlobal" verzeichnis="">
<version nr="1" zeitpunkt="02.03.2007 00:31:20,621"/>
<version nr="4" zeitpunkt="21.03.2007 03:47:28,014"/>
</konfigurationsbereich>
<konfigurationsbereich pid="kb.tmTmcGlobal" verzeichnis="">
<version nr="1" zeitpunkt="02.03.2007 00:31:20,621"/>
<version nr="3" zeitpunkt="21.03.2007 03:47:28,014"/>
</konfigurationsbereich>
<konfigurationsbereich pid="kb.metaModellGlobal" verzeichnis="">
<version nr="1" zeitpunkt="02.03.2007 00:31:20,621"/>
<version nr="2" zeitpunkt="08.03.2007 16:24:58,750"/>
<version nr="3" zeitpunkt="13.03.2007 11:12:36,533"/>
<version nr="4" zeitpunkt="21.03.2007 03:47:28,014"/>
</konfigurationsbereich>
<konfigurationsbereich pid="kb.kv.ptv" verzeichnis="">
<version nr="1" zeitpunkt="02.03.2007 00:31:20,621"/>
</konfigurationsbereich>
<konfigurationsbereich pid="kb.tmGeoReferenzierungGlobal" verzeichnis="">
<version nr="1" zeitpunkt="02.03.2007 00:31:20,622"/>
<version nr="2" zeitpunkt="21.03.2007 03:47:28,014"/>
</konfigurationsbereich>
<konfigurationsbereich pid="kb.systemModellAoe" verzeichnis="">
<version nr="1" zeitpunkt="02.03.2007 00:31:20,622"/>
</konfigurationsbereich>
<konfigurationsbereich pid="kb.kv.bitctrl" verzeichnis="">
<version nr="1" zeitpunkt="02.03.2007 00:31:20,622"/>
</konfigurationsbereich>
<konfigurationsbereich pid="kb.default.testKonfiguration" verzeichnis="">
<version nr="1" zeitpunkt="02.03.2007 00:31:20,622"/>
</konfigurationsbereich>
<konfigurationsbereich pid="kb.kv.kappich" verzeichnis="">
<version nr="1" zeitpunkt="02.03.2007 00:31:20,623"/>
</konfigurationsbereich>
<konfigurationsbereich pid="kb.kv.logos" verzeichnis="">
<version nr="1" zeitpunkt="02.03.2007 00:31:20,623"/>
</konfigurationsbereich>
<konfigurationsbereich pid="kb.tmVerkehrGlobal" verzeichnis="">
<version nr="1" zeitpunkt="02.03.2007 00:31:20,623"/>
<version nr="10" zeitpunkt="21.03.2007 03:47:28,015"/>
</konfigurationsbereich>
<konfigurationsbereich pid="kb.fachModellGlobal" verzeichnis="">
<version nr="1" zeitpunkt="02.03.2007 00:31:20,623"/>
<version nr="2" zeitpunkt="13.03.2007 10:10:09,652"/>
<version nr="7" zeitpunkt="21.03.2007 03:47:28,015"/>
</konfigurationsbereich>
<konfigurationsbereich pid="kb.tmGanglinienGlobal" verzeichnis="">
<version nr="1" zeitpunkt="02.03.2007 00:31:20,623"/>
<version nr="5" zeitpunkt="21.03.2007 03:47:28,015"/>
</konfigurationsbereich>
<konfigurationsbereich pid="kb.tmUmfeldDatenGlobal" verzeichnis="">
<version nr="1" zeitpunkt="02.03.2007 00:31:20,623"/>
<version nr="8" zeitpunkt="21.03.2007 03:47:28,016"/>
</konfigurationsbereich>
<konfigurationsbereich pid="kb.tmBuVGlobal" verzeichnis="">
<version nr="1" zeitpunkt="02.03.2007 00:31:20,623"/>
<version nr="3" zeitpunkt="21.03.2007 03:47:28,016"/>
</konfigurationsbereich>
<konfigurationsbereich pid="kb.objekteIntegrationsTestTools" verzeichnis="">
<version nr="1" zeitpunkt="02.03.2007 00:31:20,623"/>
</konfigurationsbereich>
<konfigurationsbereich pid="kb.tmEreignisKalenderGlobal" verzeichnis="">
<version nr="1" zeitpunkt="02.03.2007 00:31:20,624"/>
<version nr="5" zeitpunkt="21.03.2007 03:47:28,016"/>
</konfigurationsbereich>
<konfigurationsbereich pid="kb.tmLangZeitVerkehrsDaten" verzeichnis="">
<version nr="1" zeitpunkt="02.03.2007 00:31:20,624"/>
<version nr="3" zeitpunkt="21.03.2007 03:47:28,016"/>
</konfigurationsbereich>
<konfigurationsbereich pid="kb.tmVewSimulationGlobal" verzeichnis="">
<version nr="1" zeitpunkt="02.03.2007 00:31:20,624"/>
<version nr="3" zeitpunkt="21.03.2007 03:47:28,017"/>
</konfigurationsbereich>
<konfigurationsbereich pid="kb.objekteTestUnterzentraleK2S_10_MessQuerschnitte" verzeichnis="">
<version nr="1" zeitpunkt="02.03.2007 00:31:20,624"/>
<version nr="3" zeitpunkt="21.03.2007 03:47:28,017"/>
</konfigurationsbereich>
<konfigurationsbereich pid="kb.bitctrl.thierfelder" verzeichnis="">
<version nr="1" zeitpunkt="29.03.2007 11:08:58,601"/>
</konfigurationsbereich>
<konfigurationsbereich pid="kb.default.bitctrl.thierfelder" verzeichnis="">
<version nr="1" zeitpunkt="29.03.2007 11:10:40,545"/>
</konfigurationsbereich>
<konfigurationsbereich pid="kb.duaTestModell" verzeichnis="">
<version nr="1" zeitpunkt="29.03.2007 11:56:32,584"/>
</konfigurationsbereich>
<konfigurationsbereich pid="kb.duaTestObjekte" verzeichnis="">
<version nr="1" zeitpunkt="29.03.2007 13:10:24,819"/>
</konfigurationsbereich>
<konfigurationsbereich pid="kb.duaTestObjekte2" verzeichnis="">
<version nr="1" zeitpunkt="12.04.2007 11:28:44,943"/>
</konfigurationsbereich>
</verwaltungsdaten>
